country,freq
India,13143462
Germany,2881769
Italy,2677048
Argentina,1514502
Iran,6619989
Venezuela,376839
Brazil,7004792
Canada,2808743
Greece,1106803
N/A,3217162
Mexico,3271085
United Kingdom,3150705
Libya,23808
South Korea,3063053
Spain,3089349
Jordan,208837
Algeria,1188527
France,4208280
United States,11991045
Philippines,1220502
Lithuania,225023
Austria,508226
Costa Rica,194576
Uganda,54981
Bulgaria,244703
Egypt,1347550
Turkey,2004756
Israel,256544
Belarus,194338
Slovenia,222746
Pakistan,1935856
Netherlands,2194240
Poland,1110027
United Arab Emirates,124579
Saudi Arabia,269404
Belgium,763395
Panama,62165
China,24938665
Iraq,395844
Morocco,967114
Chile,1653435
Bangladesh,362224
Portugal,1712920
Singapore,1389882
Iceland,62615
Nigeria,375038
Ecuador,609783
Bolivia,81093
Malaysia,2403398
Taiwan,1999026
Peru,1186352
Slovakia,347592
Russia,4013310
Tunisia,1128375
Ukraine,800529
Indonesia,5382067
Colombia,2041680
Australia,634919
Moldova,92542
Ethiopia,158715
Ireland,328612
Switzerland,802129
Ghana,112495
Kuwait,35985
Serbia,316361
Czechia,47669
Cameroon,95122
Hungary,599373
Myanmar (Burma),40641
Romania,1087779
Kazakhstan,101423
Denmark,240201
Norway,157613
Syria,97870
Sweden,619324
Paraguay,33028
Jamaica,14207
Finland,166213
Nepal,145628
Puerto Rico,63089
Czech Republic,389678
Vietnam,1147954
Armenia,60606
Croatia,334523
Japan,1271346
Guadeloupe,7324
Kenya,103595
Hong Kong,1617000
Sudan,65226
Malta,51049
Luxembourg,164416
Lebanon,93967
Macedonia (FYROM),52448
South Africa,333211
Uruguay,144596
Senegal,39043
Oman,25672
Qatar,33658
Cyprus,61190
Dominican Republic,28886
New Zealand,111450
Bahrain,6726
Guatemala,52183
Trinidad and Tobago,9520
Sri Lanka,265676
Tanzania,66207
Côte d'Ivoire,35362
The Bahamas,1534
Uzbekistan,22487
Estonia,61691
Azerbaijan,31209
Latvia,160987
Suriname,3786
Thailand,617560
Honduras,24706
El Salvador,16104
Albania,80175
Democratic Republic of the Congo,5944
Bosnia and Herzegovina,84382
Cayman Islands,207
Macau,52953
Rwanda,12416
Yemen,25447
Brunei,21109
Georgia,35069
Laos,6853
Zimbabwe,20691
Cambodia,46935
Mauritius,46607
Somalia,4678
Afghanistan,9210
Djibouti,1174
Bhutan,8515
Reunion,19024
Niger,3258
Seychelles,185889
Montenegro,14651
Nicaragua,21426
Mozambique,7628
Mongolia,13821
Fiji,5438
British Virgin Islands,4943
Malawi,6648
Guam,3070
Andorra,2295
Guernsey,162
Jersey,484
Burundi,957
Benin,19132
Sint Maarten,99
Haiti,1838
Caribbean Netherlands,190
Barbados,5090
Burkina Faso,25018
Cuba,92155
Martinique,3949
Kyrgyzstan,4676
Monaco,1161
The Gambia,1436
Saint Kitts and Nevis,4620
Bermuda,188
Palestine,1068
Mali,5582
New Caledonia,7803
French Guiana,5098
Gabon,5415
French Polynesia,3324
Botswana,7047
Republic of the Congo,3141
Liechtenstein,1523
Guyana,3728
Madagascar,17261
Zambia,5645
Togo,3963
Mayotte,527
Åland Islands,184
Swaziland,707
Mauritania,3847
Faroe Islands,358
Angola,2868
Guinea,6904
Dominica,198
Cape Verde,665
Papua New Guinea,1319
Gibraltar,171
Chad,147
Sierra Leone,783
Tajikistan,1802
Aruba,497
Namibia,4915
Curaçao,712
Greenland,192
Comoros,60
Eritrea,75
U.S. Virgin Islands,243
Lesotho,832
Maldives,3203
Falkland Islands (Islas Malvinas),152
Belize,957
North Korea,3366
American Samoa,130
Tonga,21
Isle of Man,375
Timor-Leste,1011
Antigua and Barbuda,639
San Marino,510
Collectivity of Saint Martin,45
Northern Mariana Islands,84
Liberia,15824
Antarctica,14
Saint Vincent and the Grenadines,214
Guinea-Bissau,190
Kosovo,711
Vanuatu,331
South Sudan,57
Norfolk Island,2
São Tomé and Príncipe,376
Saint Lucia,218
Turkmenistan,1797
Saint-Barthélemy,21
Grenada,788
Central African Republic,45
Turks and Caicos Islands,320
Federated States of Micronesia,42
Samoa,57
Montserrat,31
Equatorial Guinea,93
Palau,8
Kiribati,8
Wallis and Futuna,34
Solomon Islands,71
Saint Martin,5
Saint Pierre and Miquelon,7
Cook Islands,6
Saint Barthélemy,11
Nauru,3
Tuvalu,1
Marshall Islands,1
Anguilla,3
